Overall Satisfaction,How likely are you to recommend our events to a friend or colleague?,Which sessions did you attend?,Please rate the following aspects of the event [Venue],Please rate the following aspects of the event [Speakers],Please rate the following aspects of the event [Content Relevance],What did you like most about the event?,What could be improved?,Any additional comments?,Preferred Time Slot,Preferred Venue,Pacing,Event Discovery Channel,One-Word Description
5,9,"Workshop A, Workshop B",5,4,5,The workshops were extremely practical. I have a list of things to try at work on Monday.,The coffee ran out too quickly during the afternoon break. A small thing but noticeable.,"Great job, will be back next year for sure.",Afternoon (1-3 PM),Lecture Room,Just Right,LinkedIn,Practical
2,3,Keynote,3,2,2,The venue was easy to find and the seating was comfortable.,The keynote speaker was not engaging. It felt like they were reading from a script. The content was very basic.,Was hoping for more advanced topics. It felt very entry-level.,Morning (9-11 AM),Online,Too Slow,Company Website,Basic
4,8,"Networking Session, Workshop B",4,5,4,Meeting peers during the networking session was invaluable. The facilitator for Workshop B was excellent.,Would be great to have the event schedule on a mobile app instead of just on the website.,,Afternoon (1-3 PM),Conference Room,Just Right,Friend Referral,Connected
5,10,"Keynote, Workshop A, Workshop B, Networking Session",5,5,5,The entire event felt cohesive and well-planned. Every session I attended delivered on its promise.,Honestly, nothing comes to mind. It was a top-tier event.,Morning (9-11 AM),Conference Room,Just Right,Email Newsletter,Superb
3,5,Workshop A,4,3,3,The topic for Workshop A was interesting.,The speaker seemed nervous and rushed through the material. It was hard to follow along at times.,The potential was there,Afternoon (1-3 PM),Lab,A Bit Fast,Facebook Post,Rushed
4,7,Networking Session,5,4,4,The food and drinks provided during the networking session were excellent quality and variety.,The networking session felt a bit short. Could have used another 30 minutes.,,Evening (4-6 PM),Conference Room,Just Right,LinkedIn,Good
1,1,Workshop B,2,1,1,I liked the idea of the workshop.,The instructions were unclear and the provided materials didn't work. I left after 20 minutes because I couldn't proceed.,"Waste of time, unfortunately. The prerequisites for the workshop should have been made clearer.",Afternoon (1-3 PM),Lab,Too Fast,Company Website,Frustrating
5,8,Keynote,5,5,4,The opening keynote was fantastic and really set a positive tone for the day.,The Wi-Fi was spotty in the main conference hall.,,Morning (9-11 AM),Conference Room,Just Right,Email Newsletter,Motivating
4,7,"Workshop A, Networking Session",3,4,4,"The content in Workshop A was solid, and I enjoyed the group discussions.",The room was freezing! It was hard to concentrate because it was so cold.,Please check the thermostat next time!,Morning (9-11 AM),Lecture Room,Just Right,Group Chat,Chilly
3,6,Keynote,4,3,3,The check-in process was very smooth and the staff were friendly.,The content was a bit of a repeat of last year's event. I was expecting newer material.,,Morning (9-11 AM),Online,Just Right,Friend Referral,Repetitive
5,10,Workshop B,5,5,5,Workshop B was one of the most useful professional development sessions I've ever attended.,,Thank you for organizing such a high-impact session.,Afternoon (1-3 PM),Lab,Just Right,LinkedIn,Impactful
4,8,"Keynote, Workshop A",4,4,4,I appreciated that the slides were sent out in advance. It helped me prepare.,The Q&A portions of the sessions felt a bit rushed.,,Morning (9-11 AM),Lecture Room,A Bit Fast,Email Newsletter,Prepared
2,4,Networking Session,3,2,2,The location was convenient.,It was very loud and hard to have a meaningful conversation. The acoustics of the room were not good for networking.,Maybe use a different space for networking next time,Evening (4-6 PM),Conference Room,Just Right,Facebook Post,Loud
5,9,Workshop A,5,5,5,The speaker was a true expert and handled questions brilliantly. I learned so much.,,This session alone was worth the price of the ticket.,Afternoon (1-3 PM),Lecture Room,Just Right,Friend Referral,Insightful
3,5,Keynote,3,3,3,"It was an okay event, met a few people.",The topics were too broad. Would prefer a deeper dive on fewer subjects.,"Trying to be everything to everyone, but masters nothing.",Morning (9-11 AM),Online,Too Slow,Group Chat,Generic
4,8,Workshop B,4,5,4,The interactive coding exercises were fantastic. Learn by doing!,The person next to me was typing very loudly which was distracting. Not your fault, but maybe a reminder about etiquette would help.,Afternoon (1-3 PM),Lab,Just Right,Company Website,Hands-on
5,10,Networking Session,5,5,5,The event organizers actively facilitated introductions during the networking event which was amazing.,,Best networking I've experienced. The facilitation made a huge difference.,Evening (4-6 PM),Conference Room,Just Right,LinkedIn,Valuable
4,7,"Keynote, Workshop B",4,4,4,Good variety of topics and speakers.,The breaks could be slightly longer. Barely had time to get coffee and get to the next room.,,Afternoon (1-3 PM),Lecture Room,A Bit Fast,Friend Referral,Hectic
3,6,Workshop A,3,4,3,The workbook provided was useful.,The examples used were very niche and not applicable to my industry.,,Morning (9-11 AM),Lab,Just Right,Facebook Post,Niche
5,9,"Keynote, Networking Session",5,5,5,The positive energy was contagious. Very well-run event from start to finish.,,I feel re-energized about my work. Thank you!,Morning (9-11 AM),Conference Room,Just Right,Email Newsletter,Energizing
4,8,Workshop B,4,4,5,The content was extremely relevant to the challenges my company is facing right now.,The session could have been longer. We ran out of time for the final module.,Would love a part 2 of this workshop at the next event!,Afternoon (1-3 PM),Lab,A Bit Fast,LinkedIn,Relevant
2,2,Keynote,2,2,2,,"The keynote started 15 minutes late, which threw off the schedule for the rest of the morning.",Punctuality matters. It shows respect for the attendees' time.,Morning (9-11 AM),Online,Too Slow,Company Website,Late
5,10,"Workshop A, Workshop B",5,5,5,Both workshops were stellar. High-quality content and engaging presenters.,,This event has a reputation for quality and it's well-deserved.,Afternoon (1-3 PM),Lecture Room,Just Right,Friend Referral,Quality
3,4,Networking Session,3,3,3,I got a free pen.,It was too focused on sales pitches. I felt like I was being sold to constantly.,Would prefer a more authentic networking environment without vendors dominating the conversation.,Evening (4-6 PM),Conference Room,Just Right,Facebook Post,Salesy
4,8,"Keynote, Workshop A",4,4,4,The topics were timely and the speakers were knowledgeable.,The online streaming option had some audio issues which made it hard to hear at times.,Please test the audio for virtual attendees more thoroughly next time.,Morning (9-11 AM),Online,Just Right,Email Newsletter,Timely
5,9,Workshop A,5,5,5,The speaker's passion for the subject was inspiring. It made the content so much more engaging.,,Can't wait to see who you bring in to speak next year.,Afternoon (1-3 PM),Lecture Room,Just Right,LinkedIn,Passionate
3,7,Workshop B,4,4,3,The hands-on component was a great idea.,The provided sample code had bugs, which wasted a lot of time for everyone to debug.,Afternoon (1-3 PM),Lab,Too Slow,Company Website,Buggy
4,8,Networking Session,5,4,4,A great mix of people from different industries. Broadened my perspective.,The name tags were too small and hard to read from a distance.,,Evening (4-6 PM),Conference Room,Just Right,Friend Referral,Diverse
5,10,Keynote,5,5,5,The storytelling in the keynote was captivating and memorable.,,I will be quoting that speaker for weeks. A truly masterful presentation.,Morning (9-11 AM),Conference Room,Just Right,Email Newsletter,Captivating
